<?xml version="1.0" encoding="utf-8"?>
<!DOCTYPE hibernate-mapping PUBLIC "-//Hibernate/Hibernate Mapping DTD 3.0//EN"
"http://www.hibernate.org/dtd/hibernate-mapping-3.0.dtd">
<!-- 
    Mapping file autogenerated by MyEclipse Persistence Tools
-->
<hibernate-mapping>
    <class name="com.jkxy.model.Catalog" table="catalog" catalog="jkxyshsflower">
        <id name="catalogid" type="java.lang.Integer">
            <column name="catalogid" />
            <generator class="identity" />
        </id>
        <property name="catalogname" type="java.lang.String">
            <column name="catalogname" length="20" />
        </property>
        <set name="flowers" inverse="true">
            <key>
                <column name="catalogid" />
            </key>
            <one-to-many class="com.jkxy.model.Flower" />
        </set>
    </class>
</hibernate-mapping>
