<?xml version="1.0" encoding="utf-8"?>
<!DOCTYPE hibernate-mapping PUBLIC "-//Hibernate/Hibernate Mapping DTD 3.0//EN"
"http://www.hibernate.org/dtd/hibernate-mapping-3.0.dtd">
<!-- 
    Mapping file autogenerated by MyEclipse Persistence Tools
-->
<hibernate-mapping>
    <class name="com.jkxy.model.Flower" table="flower" catalog="jkxyshsflower">
        <id name="flowerid" type="java.lang.Integer">
            <column name="flowerid" />
            <generator class="identity" />
        </id>
        <many-to-one name="catalog" class="com.jkxy.model.Catalog" fetch="select">
            <column name="catalogid" />
        </many-to-one>
        <property name="flowername" type="java.lang.String">
            <column name="flowername" length="20" />
        </property>
        <property name="price" type="java.lang.Integer">
            <column name="price" />
        </property>
        <property name="picture" type="java.lang.String">
            <column name="picture" length="30" />
        </property>
        <set name="orderitems" inverse="true">
            <key>
                <column name="flowerid" />
            </key>
            <one-to-many class="com.jkxy.model.Orderitem" />
        </set>
    </class>
</hibernate-mapping>
