<?xml version="1.0" encoding="utf-8"?>
<!DOCTYPE hibernate-mapping PUBLIC "-//Hibernate/Hibernate Mapping DTD 3.0//EN"
"http://www.hibernate.org/dtd/hibernate-mapping-3.0.dtd">
<!-- 
    Mapping file autogenerated by MyEclipse Persistence Tools
-->
<hibernate-mapping>
    <class name="com.jkxy.model.Orders" table="orders" catalog="jkxyshsflower">
        <id name="orderid" type="java.lang.Integer">
            <column name="orderid" />
            <generator class="identity" />
        </id>
        <many-to-one name="user" class="com.jkxy.model.User" fetch="select">
            <column name="userid" />
        </many-to-one>
        <property name="orderdate" type="java.sql.Timestamp">
            <column name="orderdate" length="19" />
        </property>
        <set name="orderitems" inverse="true" cascade="all">
            <key>
                <column name="orderid" />
            </key>
            <one-to-many class="com.jkxy.model.Orderitem" />
        </set>
    </class>
</hibernate-mapping>
