<?xml version="1.0" encoding="utf-8"?>
<!DOCTYPE hibernate-mapping PUBLIC "-//Hibernate/Hibernate Mapping DTD 3.0//EN"
"http://www.hibernate.org/dtd/hibernate-mapping-3.0.dtd">
<!-- 
    Mapping file autogenerated by MyEclipse Persistence Tools
-->
<hibernate-mapping>
    <class name="com.jkxy.model.Orderitem" table="orderitem" catalog="jkxyshsflower">
        <id name="orderitemid" type="java.lang.Integer">
            <column name="orderitemid" />
            <generator class="identity" />
        </id>
        <many-to-one name="flower" class="com.jkxy.model.Flower" fetch="select">
            <column name="flowerid" />
        </many-to-one>
        <many-to-one name="orders" class="com.jkxy.model.Orders" fetch="select">
            <column name="orderid" />
        </many-to-one>
        <property name="quantity" type="java.lang.Integer">
            <column name="quantity" />
        </property>
    </class>
</hibernate-mapping>
