<?xml version="1.0" encoding="utf-8"?>
<!DOCTYPE hibernate-mapping PUBLIC "-//Hibernate/Hibernate Mapping DTD 3.0//EN"
"http://www.hibernate.org/dtd/hibernate-mapping-3.0.dtd">
<!-- 
    Mapping file autogenerated by MyEclipse Persistence Tools
-->
<hibernate-mapping>
    <class name="com.jkxy.model.Userdetail" table="userdetail" catalog="jkxyshsflower">
        <id name="userid" type="java.lang.Integer">
            <column name="userid" />
<!--             <generator class="identity" /> -->
            <generator class="foreign" >
            <param name="property">user</param>
            </generator>
        </id>
        <one-to-one name="user" class="com.jkxy.model.User" constrained="true"></one-to-one>
        <property name="xb" type="java.lang.Byte">
            <column name="xb" />
        </property>
        <property name="truename" type="java.lang.String">
            <column name="truename" length="20" />
        </property>
        <property name="csrq" type="java.util.Date">
            <column name="csrq" length="10" />
        </property>
        <property name="phone" type="java.lang.String">
            <column name="phone" length="11" />
        </property>
        <property name="email" type="java.lang.String">
            <column name="email" length="30" />
        </property>
        <property name="address" type="java.lang.String">
            <column name="address" length="500" />
        </property>
    </class>
</hibernate-mapping>
