<?xml version="1.0" encoding="utf-8"?>
<!DOCTYPE hibernate-mapping PUBLIC "-//Hibernate/Hibernate Mapping DTD 3.0//EN"
"http://www.hibernate.org/dtd/hibernate-mapping-3.0.dtd">
<!-- 
    Mapping file autogenerated by MyEclipse Persistence Tools
-->
<hibernate-mapping>
    <class name="com.jkxy.model.User" table="user" catalog="jkxyshsflower">
        <id name="userid" type="java.lang.Integer">
            <column name="userid" />
            <generator class="identity" />
        </id>
        <property name="username" type="java.lang.String">
            <column name="username" length="20" />
        </property>
        <property name="password" type="java.lang.String">
            <column name="password" length="20" />
        </property>
        <property name="role" type="java.lang.String">
            <column name="role" length="10" />
        </property>
<!--         <set name="guashis" inverse="true"> -->
<!--             <key> -->
<!--                 <column name="userid" /> -->
<!--             </key> -->
<!--             <one-to-many class="com.jkxy.model.Guashi" /> -->
<!--         </set> -->
       
        <one-to-one name="guashi" class="com.jkxy.model.Guashi" property-ref="user"></one-to-one>
     
        <one-to-one name="userdetail" class="com.jkxy.model.Userdetail" cascade="all"></one-to-one>
        <set name="orderses" inverse="true">
            <key>
                <column name="userid" />
            </key>
            <one-to-many class="com.jkxy.model.Orders" />
        </set>
    </class>
</hibernate-mapping>
